name,label
puppies/00000181.jpg,puppies
puppies/00000102.jpg,puppies
puppies/00000158.jpg,puppies
puppies/00000092.jpg,puppies
puppies/00000132.jpg,puppies
puppies/00000014.jpg,puppies
puppies/00000184.jpg,puppies
puppies/00000142.jpg,puppies
puppies/00000062.jpg,puppies
puppies/00000022.jpg,puppies
puppies/00000076.jpg,puppies
puppies/00000008.jpg,puppies
puppies/00000156.jpg,puppies
puppies/00000191.jpg,puppies
puppies/00000079.jpg,puppies
puppies/00000116.jpg,puppies
puppies/00000075.jpg,puppies
puppies/00000182.jpg,puppies
puppies/00000032.jpg,puppies
puppies/00000091.jpg,puppies
puppies/00000170.jpg,puppies
puppies/00000030.jpg,puppies
puppies/00000138.jpg,puppies
puppies/00000122.jpg,puppies
puppies/00000154.jpg,puppies
puppies/00000104.jpg,puppies
puppies/00000055.jpg,puppies
puppies/00000113.jpg,puppies
puppies/00000071.jpg,puppies
puppies/00000126.jpg,puppies
puppies/00000069.jpg,puppies
puppies/00000195.jpg,puppies
puppies/00000120.jpg,puppies
puppies/00000048.jpg,puppies
puppies/00000128.jpg,puppies
puppies/00000196.jpg,puppies
puppies/00000049.jpg,puppies
puppies/00000111.jpg,puppies
puppies/00000045.jpg,puppies
puppies/00000162.jpg,puppies
puppies/00000023.jpg,puppies
puppies/00000066.jpg,puppies
puppies/00000152.jpg,puppies
puppies/00000133.jpg,puppies
puppies/00000094.jpg,puppies
puppies/00000144.jpg,puppies
puppies/00000047.jpg,puppies
puppies/00000074.jpg,puppies
puppies/00000020.jpg,puppies
puppies/00000061.jpg,puppies
puppies/00000151.jpg,puppies
puppies/00000123.jpg,puppies
puppies/00000118.jpg,puppies
puppies/00000000.jpg,puppies
puppies/00000021.jpg,puppies
puppies/00000180.jpg,puppies
puppies/00000068.jpg,puppies
puppies/00000043.jpg,puppies
puppies/00000112.jpg,puppies
puppies/00000139.jpg,puppies
puppies/00000026.jpg,puppies
puppies/00000109.jpg,puppies
puppies/00000039.jpg,puppies
puppies/00000044.jpg,puppies
puppies/00000002.jpg,puppies
puppies/00000089.jpg,puppies
puppies/00000081.jpg,puppies
puppies/00000166.jpg,puppies
puppies/00000035.jpg,puppies
puppies/00000179.jpg,puppies
puppies/00000042.jpg,puppies
puppies/00000193.jpg,puppies
puppies/00000005.jpg,puppies
puppies/00000140.jpg,puppies
puppies/00000188.jpg,puppies
puppies/00000157.jpg,puppies
puppies/00000145.jpg,puppies
puppies/00000037.jpg,puppies
puppies/00000033.jpg,puppies
puppies/00000194.jpg,puppies
puppies/00000173.jpg,puppies
puppies/00000041.jpg,puppies
puppies/00000065.jpg,puppies
puppies/00000024.jpg,puppies
puppies/00000199.jpg,puppies
puppies/00000176.jpg,puppies
puppies/00000127.jpg,puppies
puppies/00000115.jpg,puppies
puppies/00000141.jpg,puppies
puppies/00000017.jpg,puppies
puppies/00000190.jpg,puppies
puppies/00000001.jpg,puppies
puppies/00000083.jpg,puppies
puppies/00000067.jpg,puppies
puppies/00000107.jpg,puppies
puppies/00000090.jpg,puppies
puppies/00000082.jpg,puppies
puppies/00000185.jpg,puppies
puppies/00000063.jpg,puppies
puppies/00000172.jpg,puppies
puppies/00000186.jpg,puppies
puppies/00000101.jpg,puppies
puppies/00000015.jpg,puppies
puppies/00000106.jpg,puppies
puppies/00000078.jpg,puppies
puppies/00000087.jpg,puppies
puppies/00000046.jpg,puppies
puppies/00000059.jpg,puppies
puppies/00000143.jpg,puppies
puppies/00000085.jpg,puppies
puppies/00000028.jpg,puppies
puppies/00000056.jpg,puppies
puppies/00000057.jpg,puppies
puppies/00000027.jpg,puppies
puppies/00000125.jpg,puppies
puppies/00000025.jpg,puppies
puppies/00000072.jpg,puppies
puppies/00000073.jpg,puppies
puppies/00000171.jpg,puppies
puppies/00000155.jpg,puppies
puppies/00000165.jpg,puppies
puppies/00000006.jpg,puppies
puppies/00000013.jpg,puppies
puppies/00000119.jpg,puppies
puppies/00000131.jpg,puppies
puppies/00000130.jpg,puppies
puppies/00000058.jpg,puppies
puppies/00000064.jpg,puppies
puppies/00000169.jpg,puppies
puppies/00000168.jpg,puppies
puppies/00000174.jpg,puppies
puppies/00000093.jpg,puppies
puppies/00000054.jpg,puppies
puppies/00000192.jpg,puppies
puppies/00000129.jpg,puppies
puppies/00000010.jpg,puppies
puppies/00000031.jpg,puppies
puppies/00000084.jpg,puppies
puppies/00000135.jpg,puppies
puppies/00000110.jpg,puppies
puppies/00000070.jpg,puppies
puppies/00000161.jpg,puppies
puppies/00000103.jpg,puppies
puppies/00000040.jpg,puppies
puppies/00000187.jpg,puppies
puppies/00000095.jpg,puppies
puppies/00000114.jpg,puppies
puppies/00000096.jpg,puppies
puppies/00000178.jpg,puppies
puppies/00000197.jpg,puppies
puppies/00000016.jpg,puppies
puppies/00000036.jpg,puppies
puppies/00000108.jpg,puppies
puppies/00000150.jpg,puppies
puppies/00000011.jpg,puppies
puppies/00000183.jpg,puppies
puppies/00000097.jpg,puppies
puppies/00000153.jpg,puppies
puppies/00000029.jpg,puppies
puppies/00000060.jpg,puppies
puppies/00000098.jpg,puppies
puppies/00000077.jpg,puppies
puppies/00000080.jpg,puppies
puppies/00000012.jpg,puppies
puppies/00000164.jpg,puppies
puppies/00000003.jpg,puppies
puppies/00000007.jpg,puppies
puppies/00000100.jpg,puppies
puppies/00000121.jpg,puppies
puppies/00000088.jpg,puppies
puppies/00000167.jpg,puppies
puppies/00000009.jpg,puppies
puppies/00000175.jpg,puppies
puppies/00000159.jpg,puppies
puppies/00000018.jpg,puppies
puppies/00000004.jpg,puppies
puppies/00000051.jpg,puppies
kittens/00000181.jpg,kittens
kittens/00000102.jpg,kittens
kittens/00000146.jpg,kittens
kittens/00000158.jpg,kittens
kittens/00000014.jpg,kittens
kittens/00000184.jpg,kittens
kittens/00000142.jpg,kittens
kittens/00000062.jpg,kittens
kittens/00000163.jpg,kittens
kittens/00000076.jpg,kittens
kittens/00000008.jpg,kittens
kittens/00000191.jpg,kittens
kittens/00000189.jpg,kittens
kittens/00000079.jpg,kittens
kittens/00000116.jpg,kittens
kittens/00000075.jpg,kittens
kittens/00000032.jpg,kittens
kittens/00000091.jpg,kittens
kittens/00000170.jpg,kittens
kittens/00000136.jpg,kittens
kittens/00000138.jpg,kittens
kittens/00000122.jpg,kittens
kittens/00000154.jpg,kittens
kittens/00000104.jpg,kittens
kittens/00000113.jpg,kittens
kittens/00000071.jpg,kittens
kittens/00000160.jpg,kittens
kittens/00000126.jpg,kittens
kittens/00000069.jpg,kittens
kittens/00000195.jpg,kittens
kittens/00000120.jpg,kittens
kittens/00000048.jpg,kittens
kittens/00000038.jpg,kittens
kittens/00000128.jpg,kittens
kittens/00000196.jpg,kittens
kittens/00000049.jpg,kittens
kittens/00000052.jpg,kittens
kittens/00000111.jpg,kittens
kittens/00000045.jpg,kittens
kittens/00000162.jpg,kittens
kittens/00000023.jpg,kittens
kittens/00000066.jpg,kittens
kittens/00000152.jpg,kittens
kittens/00000019.jpg,kittens
kittens/00000133.jpg,kittens
kittens/00000094.jpg,kittens
kittens/00000144.jpg,kittens
kittens/00000047.jpg,kittens
kittens/00000117.jpg,kittens
kittens/00000074.jpg,kittens
kittens/00000020.jpg,kittens
kittens/00000061.jpg,kittens
kittens/00000151.jpg,kittens
kittens/00000123.jpg,kittens
kittens/00000050.jpg,kittens
kittens/00000118.jpg,kittens
kittens/00000000.jpg,kittens
kittens/00000021.jpg,kittens
kittens/00000180.jpg,kittens
kittens/00000149.jpg,kittens
kittens/00000068.jpg,kittens
kittens/00000043.jpg,kittens
kittens/00000099.jpg,kittens
kittens/00000139.jpg,kittens
kittens/00000026.jpg,kittens
kittens/00000109.jpg,kittens
kittens/00000039.jpg,kittens
kittens/00000044.jpg,kittens
kittens/00000002.jpg,kittens
kittens/00000089.jpg,kittens
kittens/00000081.jpg,kittens
kittens/00000166.jpg,kittens
kittens/00000035.jpg,kittens
kittens/00000179.jpg,kittens
kittens/00000193.jpg,kittens
kittens/00000005.jpg,kittens
kittens/00000140.jpg,kittens
kittens/00000188.jpg,kittens
kittens/00000157.jpg,kittens
kittens/00000145.jpg,kittens
kittens/00000037.jpg,kittens
kittens/00000033.jpg,kittens
kittens/00000194.jpg,kittens
kittens/00000173.jpg,kittens
kittens/00000041.jpg,kittens
kittens/00000065.jpg,kittens
kittens/00000024.jpg,kittens
kittens/00000199.jpg,kittens
kittens/00000176.jpg,kittens
kittens/00000127.jpg,kittens
kittens/00000115.jpg,kittens
kittens/00000134.jpg,kittens
kittens/00000141.jpg,kittens
kittens/00000017.jpg,kittens
kittens/00000190.jpg,kittens
kittens/00000034.jpg,kittens
kittens/00000001.jpg,kittens
kittens/00000083.jpg,kittens
kittens/00000067.jpg,kittens
kittens/00000107.jpg,kittens
kittens/00000090.jpg,kittens
kittens/00000082.jpg,kittens
kittens/00000185.jpg,kittens
kittens/00000063.jpg,kittens
kittens/00000186.jpg,kittens
kittens/00000101.jpg,kittens
kittens/00000015.jpg,kittens
kittens/00000106.jpg,kittens
kittens/00000087.jpg,kittens
kittens/00000046.jpg,kittens
kittens/00000059.jpg,kittens
kittens/00000143.jpg,kittens
kittens/00000028.jpg,kittens
kittens/00000056.jpg,kittens
kittens/00000057.jpg,kittens
kittens/00000027.jpg,kittens
kittens/00000025.jpg,kittens
kittens/00000147.jpg,kittens
kittens/00000073.jpg,kittens
kittens/00000171.jpg,kittens
kittens/00000165.jpg,kittens
kittens/00000006.jpg,kittens
kittens/00000013.jpg,kittens
kittens/00000131.jpg,kittens
kittens/00000177.jpg,kittens
kittens/00000064.jpg,kittens
kittens/00000168.jpg,kittens
kittens/00000174.jpg,kittens
kittens/00000093.jpg,kittens
kittens/00000054.jpg,kittens
kittens/00000192.jpg,kittens
kittens/00000129.jpg,kittens
kittens/00000010.jpg,kittens
kittens/00000031.jpg,kittens
kittens/00000084.jpg,kittens
kittens/00000135.jpg,kittens
kittens/00000110.jpg,kittens
kittens/00000070.jpg,kittens
kittens/00000161.jpg,kittens
kittens/00000103.jpg,kittens
kittens/00000040.jpg,kittens
kittens/00000187.jpg,kittens
kittens/00000095.jpg,kittens
kittens/00000114.jpg,kittens
kittens/00000178.jpg,kittens
kittens/00000197.jpg,kittens
kittens/00000016.jpg,kittens
kittens/00000036.jpg,kittens
kittens/00000053.jpg,kittens
kittens/00000108.jpg,kittens
kittens/00000011.jpg,kittens
kittens/00000183.jpg,kittens
kittens/00000097.jpg,kittens
kittens/00000153.jpg,kittens
kittens/00000029.jpg,kittens
kittens/00000105.jpg,kittens
kittens/00000060.jpg,kittens
kittens/00000077.jpg,kittens
kittens/00000086.jpg,kittens
kittens/00000080.jpg,kittens
kittens/00000012.jpg,kittens
kittens/00000007.jpg,kittens
kittens/00000121.jpg,kittens
kittens/00000088.jpg,kittens
kittens/00000167.jpg,kittens
kittens/00000009.jpg,kittens
kittens/00000175.jpg,kittens
kittens/00000159.jpg,kittens
kittens/00000018.jpg,kittens
kittens/00000004.jpg,kittens
kittens/00000051.jpg,kittens
